,Supplier_264,Supplier_175,Supplier_251,Plant_15,Plant_4
Supplier_264,0,300.984994007084,64.2730386724322,707.643979931175,369.71749203882
Supplier_175,300.984994007084,0,263.488308438739,641.961985612674,194.287054932176
Supplier_251,64.2730386724322,263.488308438739,0,646.099368094162,309.042563234022
Plant_15,707.643979931175,641.961985612674,646.099368094162,0,448.476638952361
Plant_4,369.71749203882,194.287054932176,309.042563234022,448.476638952361,0
